{
  "failuser_emoji": "<:failuser_emoji:1437186388758892707>",
  "ecloud_emoji": "<:ecloud_emoji:1437186355737399317>",
  "flag_emoji": "<:flag_emoji:1437186356551090180>",
  "status_on": "<:status_on:1437186380156502016>",
  "_mail_emoji": "<:_mail_emoji:1437186400217862274>",
  "information_emoji": "<:information_emoji:1437186355200393227>",
  "member_verified_emoji": "<:member_verified_emoji:1437186372636119101>",
  "confirmed_backup_emoji": "<:confirmed_backup_emoji:1437186366650974344>",
  "_text_emoji": "<:_text_emoji:1437186363383615561>",
  "confirmedpayment_emoji": "<:confirmedpayment_emoji:1437186357972959263>",
  "dindin_emoji": "<:dindin_emoji:1437186381712588911>",
  "system_emoji": "<:system_emoji:1437186382626951189>",
  "member_add_emoji": "<:member_add_emoji:1437186387743866880>",
  "config_cart_emoji": "<:config_cart_emoji:1437186364083798087>",
  "date_emoji": "<:date_emoji:1437186361206767677>",
  "repost_emoji": "<:repost_emoji:1437186356324335718>",
  "_settings_emoji": "<:_settings_emoji:1437186362737426523>",
  "_search_emoji": "<:_search_emoji:1437186375786037444>",
  "loading_liox": "<:loading_liox:1437186374884397099>",
  "_notify_emoji": "<:_notify_emoji:1437186369217761371>",
  "a0_emoji": "<:a0_emoji:1437186361814941767>",
  "_star_emoji": "<:_star_emoji:1437186405980962816>",
  "_pincel_emoji": "<:_pincel_emoji:1437186408426115174>",
  "ltc_emoji": "<:ltc_emoji:1437186378822586539>",
  "_carrinhoyands_emoji": "<:_carrinhoyands_emoji:1437186406559645746>",
  "dream": "<:dream:1437186373244424304>",
  "photo_emoji": "<:photo_emoji:1437186378269065318>",
  "_add_emoji": "<:_add_emoji:1437186368949452891>",
  "_back_emoji": "<:_back_emoji:1437186366222893218>",
  "_left_emoji": "<:_left_emoji:1437186386296963314>",
  "_silueta_emoji": "<:_silueta_emoji:1437186359696691252>",
  "negative_emoji": "<:negative_emoji:1437186379825283225>",
  "invite_emoji": "<:invite_emoji:1437186370215870484>",
  "_custom_emoji": "<:_custom_emoji:1437186401933201420>",
  "_efi_emoji": "<:_efi_emoji:1437186397722382508>",
  "_clean_emoji": "<:_clean_emoji:1437186364771664084>",
  "a7_emoji": "<:a7_emoji:1437186409214640168>",
  "a4_emoji": "<:a4_emoji:1437186367531651173>",
  "_messages_emoji": "<:_messages_emoji:1437186374112509984>",
  "store_emoji": "<:store_emoji:1437186385378279514>",
  "deliveredorder_emoji": "<:deliveredorder_emoji:1437186365828759624>",
  "defense_emoji": "<:defense_emoji:1437186366114107432>",
  "command_emoji": "<:command_emoji:1437186396946300959>",
  "question_emoji": "<:question_emoji:1437186388108775497>",
  "card_stamp_emoji": "<:card_stamp_emoji:1437186386426855607>",
  "brand_emoji": "<:brand_emoji:1437186396573011998>",
  "neworder_emoji": "<:neworder_emoji:1437186371524624394>",
  "confirmed_emoji": "<:confirmed_emoji:1437186401212043308>",
  "caminhao_entrega": "<:caminhao_entrega:1437186399597101106>",
  "completedcart_emoji": "<:completedcart_emoji:1437186371130359990>",
  "status_off": "<:status_off:1437186359646359746>",
  "warn_emoji": "<:warn_emoji:1437186403686678771>",
  "_folder_emoji": "<:_folder_emoji:1437186358044135456>",
  "a6_emoji": "<:a6_emoji:1437186407935250454>",
  "a5_emoji": "<:a5_emoji:1437186366814556342>",
  "emu_liox": "<:emu_liox:1437186383298171032>",
  "_camp_emoji": "<:_camp_emoji:1437186368085299220>",
  "permissions_emoji": "<:permissions_emoji:1437186395696533585>",
  "realizou_pagamento": "<:realizou_pagamento:1437186388356235375>",
  "ltc_stamp_emoji": "<:ltc_stamp_emoji:1437186385839919316>",
  "stripe_emoji": "<:stripe_emoji:1437186383570669642>",
  "_ticket_emoji": "<:_ticket_emoji:1437186377719742696>",
  "gelzin_liox": "<:gelzin_liox:1437186379485544459>",
  "_mp_emoji": "<:_mp_emoji:1437186368659783883>",
  "a1_emoji": "<:a1_emoji:1437186375383515391>",
  "_money_emoji": "<:_money_emoji:1437186374070698150>",
  "_transfer_emoji": "<:_transfer_emoji:1437186372615147520>",
  "_send_emoji": "<:_send_emoji:1437186402746896485>",
  "_change_emoji": "<:_change_emoji:1437186361668014200>",
  "member_remove_emoji": "<:member_remove_emoji:1437186357339361290>",
  "_fixe_emoji": "<:_fixe_emoji:1437186370568323134>",
  "a3_emoji": "<:a3_emoji:1437186375748157531>",
  "_flag_emoji": "<:_flag_emoji:1437186387383288071>",
  "_staff_emoji": "<:_staff_emoji:1437186384489222225>",
  "_confirm_emoji": "<:_confirm_emoji:1437186373890211980>",
  "pix_stamp_emoji": "<:pix_stamp_emoji:1437186378940022866>",
  "_people_emoji": "<:_people_emoji:1437186363064844290>",
  "clock_emoji": "<:clock_emoji:1437186406525964402>",
  "loading_emoji": "<:loading_emoji:1437186362070536344>",
  "_tool_emoji": "<:_tool_emoji:1437186358652174410>",
  "_cart_emoji": "<:_cart_emoji:1437186359122198609>",
  "a2_emoji": "<:a2_emoji:1437186384459993208>",
  "_diamond_emoji": "<:_diamond_emoji:1437186373491757127>",
  "failpayment_emoji": "<:failpayment_emoji:1437186402436648980>",
  "_trash_emoji": "<:_trash_emoji:1437186372069757040>",
  "time_emoji": "<:time_emoji:1437186377216426003>",
  "_ban_emoji": "<:_ban_emoji:1437186407587254533>",
  "_ghost_emoji": "<:_ghost_emoji:1437186365476569159>",
  "restartbot_emoji": "<:restartbot_emoji:1437186387068715212>",
  "_support_emoji": "<:_support_emoji:1437186385093329099>",
  "_right_emoji": "<:_right_emoji:1437186398657446041>",
  "_lapis_emoji": "<:_lapis_emoji:1437186400150880399>",
  "_multi_silueta_emoji": "<:_multi_silueta_emoji:1437186376075579473>"
}