{
  "1437192866836512808": {
    "valor": "100,00",
    "modo": "mobile",
    "tipo": "Gel Normal",
    "jogadores": [],
    "status": "aberta"
  },
  "1437192868304257105": {
    "valor": "50,00",
    "modo": "mobile",
    "tipo": "Gel Normal",
    "jogadores": [],
    "status": "aberta"
  },
  "1437192869973725204": {
    "valor": "20,00",
    "modo": "mobile",
    "tipo": "Gel Normal",
    "jogadores": [],
    "status": "aberta"
  },
  "1437192871663894579": {
    "valor": "10,00",
    "modo": "mobile",
    "tipo": "Gel Normal",
    "jogadores": [],
    "status": "aberta"
  },
  "1437192873555787807": {
    "valor": "5,00",
    "modo": "mobile",
    "tipo": "Gel Normal",
    "jogadores": [],
    "status": "aberta"
  },
  "1437192875057221635": {
    "valor": "2,00",
    "modo": "mobile",
    "tipo": "Gel Normal",
    "jogadores": [],
    "status": "aberta"
  },
  "1437192894858657946": {
    "valor": "1,00",
    "modo": "mobile",
    "tipo": "Gel Normal",
    "jogadores": [],
    "status": "aberta"
  },
  "1437192896393646140": {
    "valor": "0,50",
    "modo": "mobile",
    "tipo": "Gel Normal",
    "jogadores": [],
    "status": "aberta"
  },
  "1437193073426960457": {
    "valor": "100,00",
    "modo": "mobile",
    "formato": "2x2",
    "jogadores": [],
    "status": "aberta"
  },
  "1437193074999824454": {
    "valor": "50,00",
    "modo": "mobile",
    "formato": "2x2",
    "jogadores": [],
    "status": "aberta"
  },
  "1437193076723679322": {
    "valor": "20,00",
    "modo": "mobile",
    "formato": "2x2",
    "jogadores": [],
    "status": "aberta"
  },
  "1437193077939896392": {
    "valor": "10,00",
    "modo": "mobile",
    "formato": "2x2",
    "jogadores": [],
    "status": "aberta"
  },
  "1437193079927865495": {
    "valor": "5,00",
    "modo": "mobile",
    "formato": "2x2",
    "jogadores": [],
    "status": "aberta"
  },
  "1437193081513316366": {
    "valor": "2,00",
    "modo": "mobile",
    "formato": "2x2",
    "jogadores": [],
    "status": "aberta"
  },
  "1437193102430568650": {
    "valor": "1,00",
    "modo": "mobile",
    "formato": "2x2",
    "jogadores": [],
    "status": "aberta"
  },
  "1437193104930377758": {
    "valor": "0,50",
    "modo": "mobile",
    "formato": "2x2",
    "jogadores": [],
    "status": "aberta"
  },
  "1437193129571909745": {
    "valor": "100,00",
    "modo": "mobile",
    "formato": "3x3",
    "jogadores": [],
    "status": "aberta"
  },
  "1437193132642144358": {
    "valor": "50,00",
    "modo": "mobile",
    "formato": "3x3",
    "jogadores": [],
    "status": "aberta"
  },
  "1437193134466404453": {
    "valor": "20,00",
    "modo": "mobile",
    "formato": "3x3",
    "jogadores": [],
    "status": "aberta"
  },
  "1437193136077279442": {
    "valor": "10,00",
    "modo": "mobile",
    "formato": "3x3",
    "jogadores": [],
    "status": "aberta"
  },
  "1437193137394155713": {
    "valor": "5,00",
    "modo": "mobile",
    "formato": "3x3",
    "jogadores": [],
    "status": "aberta"
  },
  "1437193138790731877": {
    "valor": "2,00",
    "modo": "mobile",
    "formato": "3x3",
    "jogadores": [],
    "status": "aberta"
  },
  "1437193140539887716": {
    "valor": "1,00",
    "modo": "mobile",
    "formato": "3x3",
    "jogadores": [],
    "status": "aberta"
  },
  "1437193161419264000": {
    "valor": "0,50",
    "modo": "mobile",
    "formato": "3x3",
    "jogadores": [],
    "status": "aberta"
  },
  "1437193220017885285": {
    "valor": "100,00",
    "modo": "mobile",
    "formato": "4x4",
    "jogadores": [],
    "status": "aberta"
  },
  "1437193222014107650": {
    "valor": "50,00",
    "modo": "mobile",
    "formato": "4x4",
    "jogadores": [],
    "status": "aberta"
  },
  "1437193224136556596": {
    "valor": "20,00",
    "modo": "mobile",
    "formato": "4x4",
    "jogadores": [],
    "status": "aberta"
  },
  "1437193225738784770": {
    "valor": "10,00",
    "modo": "mobile",
    "formato": "4x4",
    "jogadores": [],
    "status": "aberta"
  },
  "1437193227542466562": {
    "valor": "5,00",
    "modo": "mobile",
    "formato": "4x4",
    "jogadores": [],
    "status": "aberta"
  },
  "1437193229308264518": {
    "valor": "2,00",
    "modo": "mobile",
    "formato": "4x4",
    "jogadores": [],
    "status": "aberta"
  },
  "1437193230394327082": {
    "valor": "1,00",
    "modo": "mobile",
    "formato": "4x4",
    "jogadores": [],
    "status": "aberta"
  },
  "1437193250980106473": {
    "valor": "0,50",
    "modo": "mobile",
    "formato": "4x4",
    "jogadores": [],
    "status": "aberta"
  },
  "1437193267899793520": {
    "valor": "100,00",
    "modo": "emulador",
    "tipo": "Gel Normal",
    "jogadores": [],
    "status": "aberta"
  },
  "1437193269258883232": {
    "valor": "50,00",
    "modo": "emulador",
    "tipo": "Gel Normal",
    "jogadores": [],
    "status": "aberta"
  },
  "1437193270114517153": {
    "valor": "20,00",
    "modo": "emulador",
    "tipo": "Gel Normal",
    "jogadores": [],
    "status": "aberta"
  },
  "1437193272136175677": {
    "valor": "10,00",
    "modo": "emulador",
    "tipo": "Gel Normal",
    "jogadores": [],
    "status": "aberta"
  },
  "1437193273486741564": {
    "valor": "5,00",
    "modo": "emulador",
    "tipo": "Gel Normal",
    "jogadores": [],
    "status": "aberta"
  },
  "1437193275139424408": {
    "valor": "2,00",
    "modo": "emulador",
    "tipo": "Gel Normal",
    "jogadores": [],
    "status": "aberta"
  },
  "1437193294835875860": {
    "valor": "1,00",
    "modo": "emulador",
    "tipo": "Gel Normal",
    "jogadores": [],
    "status": "aberta"
  },
  "1437193296471396473": {
    "valor": "0,50",
    "modo": "emulador",
    "tipo": "Gel Normal",
    "jogadores": [],
    "status": "aberta"
  },
  "1437193327358378136": {
    "valor": "100,00",
    "modo": "emulador",
    "formato": "2x2",
    "jogadores": [],
    "status": "aberta"
  },
  "1437193328939761734": {
    "valor": "50,00",
    "modo": "emulador",
    "formato": "2x2",
    "jogadores": [],
    "status": "aberta"
  },
  "1437193330378150040": {
    "valor": "20,00",
    "modo": "emulador",
    "formato": "2x2",
    "jogadores": [],
    "status": "aberta"
  },
  "1437193331959529624": {
    "valor": "10,00",
    "modo": "emulador",
    "formato": "2x2",
    "jogadores": [],
    "status": "aberta"
  },
  "1437193333201178625": {
    "valor": "5,00",
    "modo": "emulador",
    "formato": "2x2",
    "jogadores": [],
    "status": "aberta"
  },
  "1437193334564192336": {
    "valor": "2,00",
    "modo": "emulador",
    "formato": "2x2",
    "jogadores": [],
    "status": "aberta"
  },
  "1437193354306785281": {
    "valor": "1,00",
    "modo": "emulador",
    "formato": "2x2",
    "jogadores": [],
    "status": "aberta"
  },
  "1437193356009537767": {
    "valor": "0,50",
    "modo": "emulador",
    "formato": "2x2",
    "jogadores": [],
    "status": "aberta"
  },
  "1437193378495463636": {
    "valor": "100,00",
    "modo": "emulador",
    "formato": "3x3",
    "jogadores": [],
    "status": "aberta"
  },
  "1437193379799634024": {
    "valor": "50,00",
    "modo": "emulador",
    "formato": "3x3",
    "jogadores": [],
    "status": "aberta"
  },
  "1437193381477617708": {
    "valor": "20,00",
    "modo": "emulador",
    "formato": "3x3",
    "jogadores": [],
    "status": "aberta"
  },
  "1437193383713177803": {
    "valor": "10,00",
    "modo": "emulador",
    "formato": "3x3",
    "jogadores": [],
    "status": "aberta"
  },
  "1437193385122201611": {
    "valor": "5,00",
    "modo": "emulador",
    "formato": "3x3",
    "jogadores": [],
    "status": "aberta"
  },
  "1437193386426761246": {
    "valor": "2,00",
    "modo": "emulador",
    "formato": "3x3",
    "jogadores": [],
    "status": "aberta"
  },
  "1437193405267447990": {
    "valor": "1,00",
    "modo": "emulador",
    "formato": "3x3",
    "jogadores": [],
    "status": "aberta"
  },
  "1437193411437531227": {
    "valor": "0,50",
    "modo": "emulador",
    "formato": "3x3",
    "jogadores": [],
    "status": "aberta"
  },
  "1437193439828508773": {
    "valor": "100,00",
    "modo": "emulador",
    "formato": "4x4",
    "jogadores": [],
    "status": "aberta"
  },
  "1437193441758154964": {
    "valor": "50,00",
    "modo": "emulador",
    "formato": "4x4",
    "jogadores": [],
    "status": "aberta"
  },
  "1437193443058258000": {
    "valor": "20,00",
    "modo": "emulador",
    "formato": "4x4",
    "jogadores": [],
    "status": "aberta"
  },
  "1437193444446572666": {
    "valor": "10,00",
    "modo": "emulador",
    "formato": "4x4",
    "jogadores": [],
    "status": "aberta"
  },
  "1437193446183145536": {
    "valor": "5,00",
    "modo": "emulador",
    "formato": "4x4",
    "jogadores": [],
    "status": "aberta"
  },
  "1437193447697158177": {
    "valor": "2,00",
    "modo": "emulador",
    "formato": "4x4",
    "jogadores": [],
    "status": "aberta"
  },
  "1437193467024506991": {
    "valor": "1,00",
    "modo": "emulador",
    "formato": "4x4",
    "jogadores": [],
    "status": "aberta"
  },
  "1437193468991770715": {
    "valor": "0,50",
    "modo": "emulador",
    "formato": "4x4",
    "jogadores": [],
    "status": "aberta"
  },
  "1437193495764009022": {
    "valor": "100,00",
    "modo": "misto",
    "formato": "2x2",
    "jogadores": [],
    "status": "aberta"
  },
  "1437193498096042044": {
    "valor": "50,00",
    "modo": "misto",
    "formato": "2x2",
    "jogadores": [],
    "status": "aberta"
  },
  "1437193499295350836": {
    "valor": "20,00",
    "modo": "misto",
    "formato": "2x2",
    "jogadores": [],
    "status": "aberta"
  },
  "1437193500696510737": {
    "valor": "10,00",
    "modo": "misto",
    "formato": "2x2",
    "jogadores": [],
    "status": "aberta"
  },
  "1437193502424305715": {
    "valor": "5,00",
    "modo": "misto",
    "formato": "2x2",
    "jogadores": [],
    "status": "aberta"
  },
  "1437193503787712584": {
    "valor": "2,00",
    "modo": "misto",
    "formato": "2x2",
    "jogadores": [],
    "status": "aberta"
  },
  "1437193523391631480": {
    "valor": "1,00",
    "modo": "misto",
    "formato": "2x2",
    "jogadores": [],
    "status": "aberta"
  },
  "1437193525476327445": {
    "valor": "0,50",
    "modo": "misto",
    "formato": "2x2",
    "jogadores": [],
    "status": "aberta"
  },
  "1437193556971229194": {
    "valor": "100,00",
    "modo": "misto",
    "formato": "3x3",
    "jogadores": [],
    "status": "aberta"
  },
  "1437193558628106311": {
    "valor": "50,00",
    "modo": "misto",
    "formato": "3x3",
    "jogadores": [],
    "status": "aberta"
  },
  "1437193560733782146": {
    "valor": "20,00",
    "modo": "misto",
    "formato": "3x3",
    "jogadores": [],
    "status": "aberta"
  },
  "1437193562331680869": {
    "valor": "10,00",
    "modo": "misto",
    "formato": "3x3",
    "jogadores": [],
    "status": "aberta"
  },
  "1437193563782910035": {
    "valor": "5,00",
    "modo": "misto",
    "formato": "3x3",
    "jogadores": [],
    "status": "aberta"
  },
  "1437193565645176964": {
    "valor": "2,00",
    "modo": "misto",
    "formato": "3x3",
    "jogadores": [],
    "status": "aberta"
  },
  "1437193568035799267": {
    "valor": "1,00",
    "modo": "misto",
    "formato": "3x3",
    "jogadores": [],
    "status": "aberta"
  },
  "1437193588143558741": {
    "valor": "0,50",
    "modo": "misto",
    "formato": "3x3",
    "jogadores": [],
    "status": "aberta"
  },
  "1437193631667716177": {
    "valor": "100,00",
    "modo": "misto",
    "formato": "4x4",
    "jogadores": [],
    "status": "aberta"
  },
  "1437193633295106280": {
    "valor": "50,00",
    "modo": "misto",
    "formato": "4x4",
    "jogadores": [],
    "status": "aberta"
  },
  "1437193634792476723": {
    "valor": "20,00",
    "modo": "misto",
    "formato": "4x4",
    "jogadores": [],
    "status": "aberta"
  },
  "1437193636608606228": {
    "valor": "10,00",
    "modo": "misto",
    "formato": "4x4",
    "jogadores": [],
    "status": "aberta"
  },
  "1437193637984206961": {
    "valor": "5,00",
    "modo": "misto",
    "formato": "4x4",
    "jogadores": [],
    "status": "aberta"
  },
  "1437193639729303732": {
    "valor": "2,00",
    "modo": "misto",
    "formato": "4x4",
    "jogadores": [],
    "status": "aberta"
  },
  "1437193662600712313": {
    "valor": "1,00",
    "modo": "misto",
    "formato": "4x4",
    "jogadores": [],
    "status": "aberta"
  },
  "1437193664047747074": {
    "valor": "0,50",
    "modo": "misto",
    "formato": "4x4",
    "jogadores": [],
    "status": "aberta"
  },
  "1437199669032910849": {
    "valor": "0,50",
    "modo": "mobile",
    "tipo": "Gel Infinito",
    "jogadores": [
      "896509385579331654",
      "1424374211165552690"
    ],
    "status": "iniciada",
    "id_mediador": "1424374211165552690"
  },
  "1437201373056729322": {
    "valor": "0,50",
    "modo": "mobile",
    "tipo": "Gel Normal",
    "jogadores": [
      "896509385579331654",
      "1424374211165552690"
    ],
    "status": "iniciada",
    "id_mediador": "1424374211165552690",
    "selectedWinner": "896509385579331654"
  },
  "1437201716993986630": {
    "valor": "1,00",
    "modo": "mobile",
    "tipo": "Gel Normal",
    "jogadores": [
      "896509385579331654",
      "1424374211165552690"
    ],
    "status": "iniciada",
    "id_mediador": "1424374211165552690"
  },
  "1437479058815455292": {
    "valor": "1,00",
    "modo": "mobile",
    "tipo": "Gel Normal",
    "jogadores": [
      "896509385579331654",
      "1424374211165552690"
    ],
    "status": "iniciada",
    "id_mediador": "1424374211165552690",
    "selectedWinner": "1424374211165552690"
  },
  "1437481070135083059": {
    "valor": "1,00",
    "modo": "mobile",
    "tipo": "Gel Normal",
    "jogadores": [
      "896509385579331654",
      "1424374211165552690"
    ],
    "status": "iniciada",
    "id_mediador": "1424374211165552690",
    "selectedWinner": "896509385579331654"
  },
  "1437488419889741856": {
    "valor": "1,00",
    "modo": "mobile",
    "tipo": "Normal",
    "jogadores": [
      "896509385579331654",
      "1424374211165552690"
    ],
    "status": "iniciada",
    "id_mediador": "1424374211165552690",
    "selectedWinner": "1424374211165552690"
  },
  "1437489120376127498": {
    "valor": "0,50",
    "modo": "emulador",
    "tipo": "Normal",
    "jogadores": [
      "896509385579331654",
      "1424374211165552690"
    ],
    "status": "iniciada",
    "id_mediador": "1424374211165552690",
    "selectedWinner": "1424374211165552690"
  }
}