{
  "571553695209357342": {
    "chave_pix": "teste@gmail.com",
    "qr_code": "https://images-ext-1.discordapp.net/external/LzGAHFO8AGBI-1h8WgUULwvCqVCdRH2nKCHgJAQt1rs/https/cdn.discordapp.com/icons/1379282729618636800/a47a395d11f3a021d28cc45978053e65.webp?format=webp",
    "aviso": "By Blank"
  },
  "1424374211165552690": {
    "chave_pix": "eb5891b6-2a98-4a47-b984-f6a98d40645e",
    "qr_code": "https://cdn.discordapp.com/attachments/1434511688971059231/1435254775447949383/IMG_20251104_100832.jpg?ex=6911e42c&is=691092ac&hm=9b6d2dfa8578c79888937999537a7bd600929eb2c313506665d3faec86bd3a49",
    "aviso": "SALA 0,10c!! MANDAR COMPROVANTE APÓS PAGAMENTO E AGUARDAR."
  }
}