{
  "1354213670187438220": {
    "id": "1354213670187438220",
    "vitorias": 3,
    "derrotas": 2,
    "pontos": 15,
    "partidas": 5
  },
  "571553695209357342": {
    "id": "571553695209357342",
    "vitorias": 2,
    "derrotas": 3,
    "pontos": 10,
    "partidas": 5
  },
  "896509385579331654": {
    "id": "896509385579331654",
    "vitorias": 2,
    "derrotas": 3,
    "pontos": 1,
    "partidas": 5
  },
  "1424374211165552690": {
    "id": "1424374211165552690",
    "vitorias": 3,
    "derrotas": 2,
    "pontos": 3,
    "partidas": 5
  }
}